id,name,url,img,price,cat,
3234,"Silas Étagère, Antiqued Gold",https://www.onekingslane.com//p/4525465-silas-tag-re-antiqued-gold.do?refType=&from=fn&catnav=119612,https://okl.scene7.com/is/image/OKL/Product_IOC10000_Image_1?$kibo_directory_thumbnail$&defaultImage=placeholder_product&defaultImage=placeholder_product,$745.00,Shelf,
3235,"Washington Bookcase, Pure White",https://www.onekingslane.com//p/4683334-washington-bookcase-pure-white.do?refType=&from=fn&catnav=119612,https://okl.scene7.com/is/image/OKL/Product_VNG10693_Image_1?$kibo_directory_thumbnail$&defaultImage=placeholder_product&defaultImage=placeholder_product,"$3,895.00",Shelf,
3236,"Mones Bookcase, Graywash",https://www.onekingslane.com//p/4795200-mones-bookcase-graywash.do?refType=&from=fn&catnav=119612,https://okl2.scene7.com/is/image/OKL/Product_818484021035_Image_1?$kibo_directory_thumbnail$&defaultImage=placeholder_product&defaultImage=placeholder_product,"$4,935.00",Shelf,
3237,"Silas Étagère, Antiqued White",https://www.onekingslane.com//p/4528676-silas-tag-re-antiqued-white.do?refType=&from=fn&catnav=119612,https://okl.scene7.com/is/image/OKL/Product_671954352516_Image_1?$kibo_directory_thumbnail$&defaultImage=placeholder_product&defaultImage=placeholder_product,$745.00,Shelf,
3238,"Chi Bookcase, Black",https://www.onekingslane.com//p/4720270-chi-bookcase-black.do?refType=&from=fn&catnav=119612,https://okl2.scene7.com/is/image/OKL/Product_BYW10392_Image_1?$kibo_directory_thumbnail$&defaultImage=placeholder_product&defaultImage=placeholder_product,"$6,100.00",Shelf,
3239,Bryson Bookcase,https://www.onekingslane.com//p/3638823-bryson-bookcase.do?refType=&from=fn&catnav=119612,https://okl2.scene7.com/is/image/OKL/Product_XGH10092_Image_1?$kibo_directory_thumbnail$&defaultImage=placeholder_product&defaultImage=placeholder_product,"$2,715.00",Shelf,
3240,"Silas Étagère, Burnished Gold",https://www.onekingslane.com//p/4525466-silas-tag-re-burnished-gold.do?refType=&from=fn&catnav=119612,https://okl.scene7.com/is/image/OKL/Product_IOC10001_Image_1?$kibo_directory_thumbnail$&defaultImage=placeholder_product&defaultImage=placeholder_product,$745.00,Shelf,
3241,"Silas Étagère, Black",https://www.onekingslane.com//p/4724985-silas-tag-re-black.do?refType=&from=fn&catnav=119612,https://okl.scene7.com/is/image/OKL/Product_IOC10040_Image_1?$kibo_directory_thumbnail$&defaultImage=placeholder_product&defaultImage=placeholder_product,$745.00,Shelf,
3242,"Baxter 86"" Étagère, Black",https://www.onekingslane.com//p/4584650-baxter-86-tag-re-black.do?refType=&from=fn&catnav=119612,https://okl3.scene7.com/is/image/OKL/Product_844717022852_Image_1?$kibo_directory_thumbnail$&defaultImage=placeholder_product&defaultImage=placeholder_product,"$5,000.00",Shelf,
3243,"Washington Bookcase, Dove Gray",https://www.onekingslane.com//p/4683333-washington-bookcase-dove-gray.do?refType=&from=fn&catnav=119612,https://okl.scene7.com/is/image/OKL/Product_VNG10692_Image_1?$kibo_directory_thumbnail$&defaultImage=placeholder_product&defaultImage=placeholder_product,"$3,895.00",Shelf,
3244,"Ollie Bookcase, Natural",https://www.onekingslane.com//p/3903872-ollie-bookcase-natural.do?refType=&from=fn&catnav=119612,https://okl3.scene7.com/is/image/OKL/Product_SVF80963_Image_1?$kibo_directory_thumbnail$&defaultImage=placeholder_product&defaultImage=placeholder_product,$245.00,Shelf,
3245,"Tilden Étagère, White",https://www.onekingslane.com//p/4848777-tilden-tag-re-white.do?refType=&from=fn&catnav=119612,https://okl2.scene7.com/is/image/OKL/Product_842729119164_Image_1?$kibo_directory_thumbnail$&defaultImage=placeholder_product&defaultImage=placeholder_product,"$1,995.00",Shelf,
3246,"Blackbird Bookcase, Black/Oak",https://www.onekingslane.com//p/4842446-blackbird-bookcase-black-oak.do?refType=&from=fn&catnav=119612,https://okl2.scene7.com/is/image/OKL/Product_5404023604064_Image_1?$kibo_directory_thumbnail$&defaultImage=placeholder_product&defaultImage=placeholder_product,"$2,820.00",Shelf,
3247,"Larkspur Étagère, Antiqued Gold",https://www.onekingslane.com//p/4702412-larkspur-tag-re-antiqued-gold.do?refType=&from=fn&catnav=119612,https://okl2.scene7.com/is/image/OKL/Product_IOC10039_Image_1?$kibo_directory_thumbnail$&defaultImage=placeholder_product&defaultImage=placeholder_product,$895.00,Shelf,
3248,"Mondrian Bookcase, Teak",https://www.onekingslane.com//p/4796898-mondrian-bookcase-teak.do?refType=&from=fn&catnav=119612,https://okl.scene7.com/is/image/OKL/Product_736983024046_Image_1?$kibo_directory_thumbnail$&defaultImage=placeholder_product&defaultImage=placeholder_product,"$2,620.00",Shelf,
3249,"Benedict 96"" Gilt Étagère, Aged Gold",https://www.onekingslane.com//p/4277616-benedict-96-gilt-tag-re-aged-gold.do?refType=&from=fn&catnav=119612,https://okl.scene7.com/is/image/OKL/Product_PIW10033_Image_1?$kibo_directory_thumbnail$&defaultImage=placeholder_product&defaultImage=placeholder_product,"$2,300.00",Shelf,
3250,"Mondrian Bookcase, Oak",https://www.onekingslane.com//p/4796897-mondrian-bookcase-oak.do?refType=&from=fn&catnav=119612,https://okl.scene7.com/is/image/OKL/Product_703610318557_Image_1?$kibo_directory_thumbnail$&defaultImage=placeholder_product&defaultImage=placeholder_product,"$2,285.00",Shelf,
3251,"Drewry Étagère, Cardamon",https://www.onekingslane.com//p/4804806-drewry-tag-re-cardamon.do?refType=&from=fn&catnav=119612,https://okl3.scene7.com/is/image/OKL/Product_444725040765_Image_1?$kibo_directory_thumbnail$&defaultImage=placeholder_product&defaultImage=placeholder_product,"$2,285.00",Shelf,
3252,"Reina Étagère, Antiqued Silver",https://www.onekingslane.com//p/3989043-reina-tag-re-antiqued-silver.do?refType=&from=fn&catnav=119612,https://okl.scene7.com/is/image/OKL/Product_NMF10413_Image_1?$kibo_directory_thumbnail$&defaultImage=placeholder_product&defaultImage=placeholder_product,"$1,295.00",Shelf,
3253,"Isla Side Table, Light Blue",https://www.onekingslane.com//p/4848786-isla-side-table-light-blue.do?refType=&from=fn&catnav=119612,https://okl.scene7.com/is/image/OKL/Product_842729119256_Image_1?$kibo_directory_thumbnail$&defaultImage=placeholder_product&defaultImage=placeholder_product,"$1,295.00",Shelf,
3254,"Harlow Étagère, Brushed Bronze",https://www.onekingslane.com//p/4676101-harlow-tag-re-brushed-bronze.do?refType=&from=fn&catnav=119612,https://okl2.scene7.com/is/image/OKL/Product_NMF10967_Image_1?$kibo_directory_thumbnail$&defaultImage=placeholder_product&defaultImage=placeholder_product,"$2,095.00",Shelf,
3255,"Holden Étagère, Antiqued Copper",https://www.onekingslane.com//p/4751878-holden-tag-re-antiqued-copper.do?refType=&from=fn&catnav=119612,https://okl2.scene7.com/is/image/OKL/Product_662869404728_Image_1?$kibo_directory_thumbnail$&defaultImage=placeholder_product&defaultImage=placeholder_product,"$1,872.00",Shelf,
3256,"Holden Étagère, Argento Silver",https://www.onekingslane.com//p/4751881-holden-tag-re-argento-silver.do?refType=&from=fn&catnav=119612,https://okl.scene7.com/is/image/OKL/Product_662869403660_Image_1?$kibo_directory_thumbnail$&defaultImage=placeholder_product&defaultImage=placeholder_product,"$1,872.00",Shelf,
3257,"Spender Asymmetrical Bookcase, Driftwood",https://www.onekingslane.com//p/4298270-spender-asymmetrical-bookcase-driftwood.do?refType=&from=fn&catnav=119612,https://okl.scene7.com/is/image/OKL/Product_NMF10498_Image_1?$kibo_directory_thumbnail$&defaultImage=placeholder_product&defaultImage=placeholder_product,"$1,295.00",Shelf,
3258,"Tilden Étagère, Light Blue",https://www.onekingslane.com//p/4848779-tilden-tag-re-light-blue.do?refType=&from=fn&catnav=119612,https://okl.scene7.com/is/image/OKL/Product_842729119188_Image_1?$kibo_directory_thumbnail$&defaultImage=placeholder_product&defaultImage=placeholder_product,"$1,995.00",Shelf,
3259,"Guthrie Bookshelf, Natural",https://www.onekingslane.com//p/3651740-guthrie-bookshelf-natural.do?refType=&from=fn&catnav=119612,https://okl.scene7.com/is/image/OKL/Product_AAM13627_Image_1?$kibo_directory_thumbnail$&defaultImage=placeholder_product&defaultImage=placeholder_product,$495.00,Shelf,
3260,"Spike Étagère, Gold/White Marble",https://www.onekingslane.com//p/3653930-spike-tag-re-gold-white-marble.do?refType=&from=fn&catnav=119612,https://okl.scene7.com/is/image/OKL/Product_GLV10493_Image_1?$kibo_directory_thumbnail$&defaultImage=placeholder_product&defaultImage=placeholder_product,"$1,750.00",Shelf,
3261,"Sobe Étagère, Navy",https://www.onekingslane.com//p/3543113-sobe-tag-re-navy.do?refType=&from=fn&catnav=119612,https://okl3.scene7.com/is/image/OKL/Product_DAV10865_Image_1?$kibo_directory_thumbnail$&defaultImage=placeholder_product&defaultImage=placeholder_product,"$1,995.00",Shelf,
3262,"Sobe Étagère, Black",https://www.onekingslane.com//p/4673789-sobe-tag-re-black.do?refType=&from=fn&catnav=119612,https://okl.scene7.com/is/image/OKL/Product_DAV11202_Image_1?$kibo_directory_thumbnail$&defaultImage=placeholder_product&defaultImage=placeholder_product,"$1,995.00",Shelf,
3263,"Kary 4-Tier Étagère, Gold",https://www.onekingslane.com//p/4763059-kary-4-tier-tag-re-gold.do?refType=&from=fn&catnav=119612,https://okl.scene7.com/is/image/OKL/Product_889048491960_Image_1?$kibo_directory_thumbnail$&defaultImage=placeholder_product&defaultImage=placeholder_product,$295.00,Shelf,
3264,"Leeds Étagère, White/Gold",https://www.onekingslane.com//p/4728954-leeds-tag-re-white-gold.do?refType=&from=fn&catnav=119612,https://okl2.scene7.com/is/image/OKL/Product_SVF85461_Image_1?$kibo_directory_thumbnail$&defaultImage=placeholder_product&defaultImage=placeholder_product,$545.00,Shelf,
3265,"Toy Storage Unit, Walnut/White",https://www.onekingslane.com//p/4686398-toy-storage-unit-walnut-white.do?refType=&from=fn&catnav=119612,https://okl3.scene7.com/is/image/OKL/Product_QWX00004_Image_1?$kibo_directory_thumbnail$&defaultImage=placeholder_product&defaultImage=placeholder_product,$498.00,Shelf,
3266,"Odelia Étagère, Gold",https://www.onekingslane.com//p/4763057-odelia-tag-re-gold.do?refType=&from=fn&catnav=119612,https://okl.scene7.com/is/image/OKL/Product_889048464902_Image_1?$kibo_directory_thumbnail$&defaultImage=placeholder_product&defaultImage=placeholder_product,$475.00,Shelf,
3267,"Sobe Étagère, White",https://www.onekingslane.com//p/2176576-sobe-tag-re-white.do?refType=&from=fn&catnav=119612,https://okl.scene7.com/is/image/OKL/Product_DAV10530_Image_1?$kibo_directory_thumbnail$&defaultImage=placeholder_product&defaultImage=placeholder_product,"$1,995.00",Shelf,
3268,"Inez 56"" Étagère, Gold",https://www.onekingslane.com//p/4277633-inez-56-tag-re-gold.do?refType=&from=fn&catnav=119612,https://okl.scene7.com/is/image/OKL/Product_PIW10050_Image_1?$kibo_directory_thumbnail$&defaultImage=placeholder_product&defaultImage=placeholder_product,"$1,415.00",Shelf,
3269,"Sawyer Étagère, Espresso",https://www.onekingslane.com//p/608529-sawyer-tag-re-espresso.do?refType=&from=fn&catnav=119612,https://okl.scene7.com/is/image/OKL/Product_683726403487_Image_1?$kibo_directory_thumbnail$&defaultImage=placeholder_product&defaultImage=placeholder_product,$485.00,Shelf,
3270,"Dean Bookcase, Mahogany",https://www.onekingslane.com//p/1179731-dean-bookcase-mahogany.do?refType=&from=fn&catnav=119612,https://okl.scene7.com/is/image/OKL/Product_AAM10912_Image_1?$kibo_directory_thumbnail$&defaultImage=placeholder_product&defaultImage=placeholder_product,$845.00,Shelf,
3271,"Mondrian Small Bookcase, Oak",https://www.onekingslane.com//p/4796899-mondrian-small-bookcase-oak.do?refType=&from=fn&catnav=119612,https://okl2.scene7.com/is/image/OKL/Product_703610318564_Image_1?$kibo_directory_thumbnail$&defaultImage=placeholder_product&defaultImage=placeholder_product,"$1,345.00",Shelf,
3272,"Isla Side Table, Bright Green",https://www.onekingslane.com//p/4848792-isla-side-table-bright-green.do?refType=&from=fn&catnav=119612,https://okl3.scene7.com/is/image/OKL/Product_842729119317_Image_1?$kibo_directory_thumbnail$&defaultImage=placeholder_product&defaultImage=placeholder_product,"$1,295.00",Shelf,
3273,"Maben Acrylic Bookcase, Clear",https://www.onekingslane.com//p/4670311-maben-acrylic-bookcase-clear.do?refType=&from=fn&catnav=119612,https://okl.scene7.com/is/image/OKL/Product_FLX11984_Image_1?$kibo_directory_thumbnail$&defaultImage=placeholder_product&defaultImage=placeholder_product,$655.00,Shelf,
3274,"Grace Bookcase, Cottage White",https://www.onekingslane.com//p/3932306-grace-bookcase-cottage-white.do?refType=&from=fn&catnav=119612,https://okl3.scene7.com/is/image/OKL/Product_FLX11652_Image_1?$kibo_directory_thumbnail$&defaultImage=placeholder_product&defaultImage=placeholder_product,$435.00,Shelf,
3275,"Grace Bookcase, Honey Brown",https://www.onekingslane.com//p/3706323-grace-bookcase-honey-brown.do?refType=&from=fn&catnav=119612,https://okl.scene7.com/is/image/OKL/Product_FLX11527_Image_1?$kibo_directory_thumbnail$&defaultImage=placeholder_product&defaultImage=placeholder_product,$445.00,Shelf,
3276,"Savannah Petite Bookshelf, Natural",https://www.onekingslane.com//p/2674693-savannah-petite-bookshelf-natural.do?refType=&from=fn&catnav=119612,https://okl.scene7.com/is/image/OKL/Product_FLX11303_Image_1?$kibo_directory_thumbnail$&defaultImage=placeholder_product&defaultImage=placeholder_product,$265.00,Shelf,
3277,"Santoni Bookcase, Espresso",https://www.onekingslane.com//p/946466-santoni-bookcase-espresso.do?refType=&from=fn&catnav=119612,https://okl.scene7.com/is/image/OKL/Product_PAN10494_Image_1?$kibo_directory_thumbnail$&defaultImage=placeholder_product&defaultImage=placeholder_product,$659.00,Shelf,
3278,"Victoria Étagère, White",https://www.onekingslane.com//p/1007072-victoria-tag-re-white.do?refType=&from=fn&catnav=119612,https://okl.scene7.com/is/image/OKL/Product_SVF28187_Image_1?$kibo_directory_thumbnail$&defaultImage=placeholder_product&defaultImage=placeholder_product,$325.00,Shelf,
3279,"Larkspur Étagère, Antiqued White",https://www.onekingslane.com//p/4839615-larkspur-tag-re-antiqued-white.do?refType=&from=fn&catnav=119612,https://okl.scene7.com/is/image/OKL/Product_671954111304_Image_1?$kibo_directory_thumbnail$&defaultImage=placeholder_product&defaultImage=placeholder_product,$895.00,Shelf,
3280,"Larkspur Étagère, Black",https://www.onekingslane.com//p/4839614-larkspur-tag-re-black.do?refType=&from=fn&catnav=119612,https://okl.scene7.com/is/image/OKL/Product_671954332242_Image_1?$kibo_directory_thumbnail$&defaultImage=placeholder_product&defaultImage=placeholder_product,$895.00,Shelf,
3281,"Roma Étagère, Gunmetal",https://www.onekingslane.com//p/4703271-roma-tag-re-gunmetal.do?refType=&from=fn&catnav=119612,https://okl.scene7.com/is/image/OKL/Product_LIA10173_Image_1?$kibo_directory_thumbnail$&defaultImage=placeholder_product&defaultImage=placeholder_product,"$3,435.00",Shelf,
3282,"Patria 5-Tier Étagère, French Silver",https://www.onekingslane.com//p/4763056-patria-5-tier-tag-re-french-silver.do?refType=&from=fn&catnav=119612,https://okl3.scene7.com/is/image/OKL/Product_889048464889_Image_1?$kibo_directory_thumbnail$&defaultImage=placeholder_product&defaultImage=placeholder_product,$425.00,Shelf,
3283,"Toy Storage Unit, Natural/White",https://www.onekingslane.com//p/4686397-toy-storage-unit-natural-white.do?refType=&from=fn&catnav=119612,https://okl2.scene7.com/is/image/OKL/Product_QWX00003_Image_1?$kibo_directory_thumbnail$&defaultImage=placeholder_product&defaultImage=placeholder_product,$495.00,Shelf,
3284,"Vertical Mini Bookshelf, White/Natural",https://www.onekingslane.com//p/4695979-vertical-mini-bookshelf-white-natural.do?refType=&from=fn&catnav=119612,https://okl.scene7.com/is/image/OKL/Product_QWX00040_Image_1?$kibo_directory_thumbnail$&defaultImage=placeholder_product&defaultImage=placeholder_product,$678.00,Shelf,
3285,"Mini Bookshelf, White/Natural",https://www.onekingslane.com//p/4686395-mini-bookshelf-white-natural.do?refType=&from=fn&catnav=119612,https://okl2.scene7.com/is/image/OKL/Product_QWX00000_Image_1?$kibo_directory_thumbnail$&defaultImage=placeholder_product&defaultImage=placeholder_product,$678.00,Shelf,
3286,"Mini Bookshelf, White/Walnut",https://www.onekingslane.com//p/4686396-mini-bookshelf-white-walnut.do?refType=&from=fn&catnav=119612,https://okl3.scene7.com/is/image/OKL/Product_QWX00002_Image_1?$kibo_directory_thumbnail$&defaultImage=placeholder_product&defaultImage=placeholder_product,$678.00,Shelf,
3287,"Melissa Étagère, Oak/Black",https://www.onekingslane.com//p/4765492-melissa-tag-re-oak-black.do?refType=&from=fn&catnav=119612,https://okl.scene7.com/is/image/OKL/Product_889048428850_Image_1?$kibo_directory_thumbnail$&defaultImage=placeholder_product&defaultImage=placeholder_product,$325.00,Shelf,
3288,"Ebo Étagère, Navy",https://www.onekingslane.com//p/4722162-ebo-tag-re-navy.do?refType=&from=fn&catnav=119612,https://okl.scene7.com/is/image/OKL/Product_889048339743_Image_1?$kibo_directory_thumbnail$&defaultImage=placeholder_product&defaultImage=placeholder_product,$845.00,Shelf,
3289,"Concord Tiered Bookcase, Whitewash",https://www.onekingslane.com//p/4532322-concord-tiered-bookcase-whitewash.do?refType=&from=fn&catnav=119612,https://okl.scene7.com/is/image/OKL/Product_AAM13939_Image_1?$kibo_directory_thumbnail$&defaultImage=placeholder_product&defaultImage=placeholder_product,$349.00,Shelf,
3290,"Ebo Étagère, Auburn",https://www.onekingslane.com//p/4722165-ebo-tag-re-auburn.do?refType=&from=fn&catnav=119612,https://okl3.scene7.com/is/image/OKL/Product_SVF85360_Image_1?$kibo_directory_thumbnail$&defaultImage=placeholder_product&defaultImage=placeholder_product,$795.00,Shelf,
3291,"Baxter 86"" Thin Étagère, Black",https://www.onekingslane.com//p/4584651-baxter-86-thin-tag-re-black.do?refType=&from=fn&catnav=119612,https://okl3.scene7.com/is/image/OKL/Product_RAW10889_Image_1?$kibo_directory_thumbnail$&defaultImage=placeholder_product&defaultImage=placeholder_product,"$2,375.00",Shelf,
3292,"Derby Étagère, Gold",https://www.onekingslane.com//p/4728955-derby-tag-re-gold.do?refType=&from=fn&catnav=119612,https://okl.scene7.com/is/image/OKL/Product_SVF85462_Image_1?$kibo_directory_thumbnail$&defaultImage=placeholder_product&defaultImage=placeholder_product,$545.00,Shelf,
3293,"Sawyer Étagère, Ash",https://www.onekingslane.com//p/1851233-sawyer-tag-re-ash.do?refType=&from=fn&catnav=119612,https://okl.scene7.com/is/image/OKL/Product_SVF43913_Image_1?$kibo_directory_thumbnail$&defaultImage=placeholder_product&defaultImage=placeholder_product,$485.00,Shelf,
3294,"Hilde Bookshelf, White",https://www.onekingslane.com//p/4650346-hilde-bookshelf-white.do?refType=&from=fn&catnav=119612,https://okl.scene7.com/is/image/OKL/Product_889048200258_Image_1?$kibo_directory_thumbnail$&defaultImage=placeholder_product&defaultImage=placeholder_product,$325.00,Shelf,
3295,"Pease Étagère, Gold",https://www.onekingslane.com//p/4666945-pease-tag-re-gold.do?refType=&from=fn&catnav=119612,https://okl.scene7.com/is/image/OKL/Product_SVF84572_Image_1?$kibo_directory_thumbnail$&defaultImage=placeholder_product&defaultImage=placeholder_product,$325.00,Shelf,
3296,"Raylan Étagère, Oak/Black",https://www.onekingslane.com//p/4765491-raylan-tag-re-oak-black.do?refType=&from=fn&catnav=119612,https://okl.scene7.com/is/image/OKL/Product_889048428799_Image_1?$kibo_directory_thumbnail$&defaultImage=placeholder_product&defaultImage=placeholder_product,$295.00,Shelf,
3297,"Joel Étagère, Natural/Black",https://www.onekingslane.com//p/4728345-joel-tag-re-natural-black.do?refType=&from=fn&catnav=119612,https://okl.scene7.com/is/image/OKL/Product_SVF85426_Image_1?$kibo_directory_thumbnail$&defaultImage=placeholder_product&defaultImage=placeholder_product,$365.00,Shelf,
3298,"Asher Étagère, Gray",https://www.onekingslane.com//p/911331-asher-tag-re-gray.do?refType=&from=fn&catnav=119612,https://okl3.scene7.com/is/image/OKL/Product_SVF26019_Image_1?$kibo_directory_thumbnail$&defaultImage=placeholder_product&defaultImage=placeholder_product,$265.00,Shelf,
3299,"Victoria Étagère, Black",https://www.onekingslane.com//p/856741-victoria-tag-re-black.do?refType=&from=fn&catnav=119612,https://okl.scene7.com/is/image/OKL/Product_SVF25004_Image_1?$kibo_directory_thumbnail$&defaultImage=placeholder_product&defaultImage=placeholder_product,$325.00,Shelf,
3300,"Ollie Bookcase, Gray",https://www.onekingslane.com//p/2250198-ollie-bookcase-gray.do?refType=&from=fn&catnav=119612,https://okl.scene7.com/is/image/OKL/Product_SVF50156_Image_1?$kibo_directory_thumbnail$&defaultImage=placeholder_product&defaultImage=placeholder_product,$245.00,Shelf,
3301,"Victoria Étagère, Gray",https://www.onekingslane.com//p/1007071-victoria-tag-re-gray.do?refType=&from=fn&catnav=119612,https://okl.scene7.com/is/image/OKL/Product_683726530251_Image_1?$kibo_directory_thumbnail$&defaultImage=placeholder_product&defaultImage=placeholder_product,$325.00,Shelf,
3302,"Greta Bookshelf, Natural",https://www.onekingslane.com//p/4650344-greta-bookshelf-natural.do?refType=&from=fn&catnav=119612,https://okl3.scene7.com/is/image/OKL/Product_SVF83932_Image_1?$kibo_directory_thumbnail$&defaultImage=placeholder_product&defaultImage=placeholder_product,$175.00,Shelf,
3303,"Haru Étagère, Black",https://www.onekingslane.com//p/4556589-haru-tag-re-black.do?refType=&from=fn&catnav=119612,https://okl2.scene7.com/is/image/OKL/Product_NOR11459_Image_1?$kibo_directory_thumbnail$&defaultImage=placeholder_product&defaultImage=placeholder_product,"$2,345.00",Shelf,
3304,"Bauhaus Open Bookcase, Walnut",https://www.onekingslane.com//p/3395400-bauhaus-open-bookcase-walnut.do?refType=&from=fn&catnav=119612,https://okl3.scene7.com/is/image/OKL/Product_NOR11104_Image_1?$kibo_directory_thumbnail$&defaultImage=placeholder_product&defaultImage=placeholder_product,"$3,685.00",Shelf,
3305,"La Grange 76"" Bookcase, Sienna/Honey",https://www.onekingslane.com//p/4350902-la-grange-76-bookcase-sienna-honey.do?refType=&from=fn&catnav=119612,https://okl2.scene7.com/is/image/OKL/Product_HYC10154_Image_1?$kibo_directory_thumbnail$&defaultImage=placeholder_product&defaultImage=placeholder_product,"$1,949.00",Shelf,
3306,"Forli Mirrored Étagère, Antiqued Gold",https://www.onekingslane.com//p/4516350-forli-mirrored-tag-re-antiqued-gold.do?refType=&from=fn&catnav=119612,https://okl2.scene7.com/is/image/OKL/Product_NOR11491_Image_1?$kibo_directory_thumbnail$&defaultImage=placeholder_product&defaultImage=placeholder_product,"$1,495.00",Shelf,
3307,"Sobe Étagère, Bright Green",https://www.onekingslane.com//p/4673790-sobe-tag-re-bright-green.do?refType=&from=fn&catnav=119612,https://okl2.scene7.com/is/image/OKL/Product_DAV11203_Image_1?$kibo_directory_thumbnail$&defaultImage=placeholder_product&defaultImage=placeholder_product,"$1,995.00",Shelf,
3308,"Sobe Étagère, Pacific Blue",https://www.onekingslane.com//p/4673793-sobe-tag-re-pacific-blue.do?refType=&from=fn&catnav=119612,https://okl.scene7.com/is/image/OKL/Product_DAV11206_Image_1?$kibo_directory_thumbnail$&defaultImage=placeholder_product&defaultImage=placeholder_product,"$1,995.00",Shelf,
3309,"Studio Étagère, Iron",https://www.onekingslane.com//p/4720271-studio-tag-re-iron.do?refType=&from=fn&catnav=119612,https://okl.scene7.com/is/image/OKL/Product_BYW10393_Image_1?$kibo_directory_thumbnail$&defaultImage=placeholder_product&defaultImage=placeholder_product,"$8,900.00",Shelf,
3310,"Tilden Étagère, Black",https://www.onekingslane.com//p/4848781-tilden-tag-re-black.do?refType=&from=fn&catnav=119612,https://okl2.scene7.com/is/image/OKL/Product_842729119201_Image_1?$kibo_directory_thumbnail$&defaultImage=placeholder_product&defaultImage=placeholder_product,"$1,995.00",Shelf,
3311,"Tilden Étagère, Navy",https://www.onekingslane.com//p/4848778-tilden-tag-re-navy.do?refType=&from=fn&catnav=119612,https://okl3.scene7.com/is/image/OKL/Product_842729119171_Image_1?$kibo_directory_thumbnail$&defaultImage=placeholder_product&defaultImage=placeholder_product,"$1,995.00",Shelf,
3312,"Tilden Étagère, Natural",https://www.onekingslane.com//p/4848776-tilden-tag-re-natural.do?refType=&from=fn&catnav=119612,https://okl.scene7.com/is/image/OKL/Product_842729119157_Image_1?$kibo_directory_thumbnail$&defaultImage=placeholder_product&defaultImage=placeholder_product,"$1,995.00",Shelf,
3313,"Tilden Étagère, Light Gray",https://www.onekingslane.com//p/4848780-tilden-tag-re-light-gray.do?refType=&from=fn&catnav=119612,https://okl.scene7.com/is/image/OKL/Product_842729119195_Image_1?$kibo_directory_thumbnail$&defaultImage=placeholder_product&defaultImage=placeholder_product,"$1,995.00",Shelf,
3314,"Isla Side Table, Tortoiseshell",https://www.onekingslane.com//p/4848788-isla-side-table-tortoiseshell.do?refType=&from=fn&catnav=119612,https://okl3.scene7.com/is/image/OKL/Product_842729119270_Image_1?$kibo_directory_thumbnail$&defaultImage=placeholder_product&defaultImage=placeholder_product,"$1,295.00",Shelf,
3315,"Isla Side Table, Navy",https://www.onekingslane.com//p/4848789-isla-side-table-navy.do?refType=&from=fn&catnav=119612,https://okl.scene7.com/is/image/OKL/Product_842729119287_Image_1?$kibo_directory_thumbnail$&defaultImage=placeholder_product&defaultImage=placeholder_product,"$1,295.00",Shelf,
3316,"Isla Side Table, Citrus Orange",https://www.onekingslane.com//p/4848793-isla-side-table-citrus-orange.do?refType=&from=fn&catnav=119612,https://okl.scene7.com/is/image/OKL/Product_842729119324_Image_1?$kibo_directory_thumbnail$&defaultImage=placeholder_product&defaultImage=placeholder_product,"$1,295.00",Shelf,
3317,"Isla Side Table, Black",https://www.onekingslane.com//p/4848794-isla-side-table-black.do?refType=&from=fn&catnav=119612,https://okl.scene7.com/is/image/OKL/Product_842729119331_Image_1?$kibo_directory_thumbnail$&defaultImage=placeholder_product&defaultImage=placeholder_product,"$1,295.00",Shelf,
3318,"Isla Side Table, Hot Pink",https://www.onekingslane.com//p/4848791-isla-side-table-hot-pink.do?refType=&from=fn&catnav=119612,https://okl2.scene7.com/is/image/OKL/Product_842729119300_Image_1?$kibo_directory_thumbnail$&defaultImage=placeholder_product&defaultImage=placeholder_product,"$1,295.00",Shelf,
3319,"Isla Side Table, White",https://www.onekingslane.com//p/4848790-isla-side-table-white.do?refType=&from=fn&catnav=119612,https://okl.scene7.com/is/image/OKL/Product_842729119294_Image_1?$kibo_directory_thumbnail$&defaultImage=placeholder_product&defaultImage=placeholder_product,"$1,295.00",Shelf,
3320,"Isla Side Table, Light Gray",https://www.onekingslane.com//p/4848787-isla-side-table-light-gray.do?refType=&from=fn&catnav=119612,https://okl2.scene7.com/is/image/OKL/Product_842729119263_Image_1?$kibo_directory_thumbnail$&defaultImage=placeholder_product&defaultImage=placeholder_product,"$1,295.00",Shelf,
3321,"Foresta Étagère, Gold/Clear",https://www.onekingslane.com//p/4696324-foresta-tag-re-gold-clear.do?refType=&from=fn&catnav=119612,https://okl3.scene7.com/is/image/OKL/Product_TXL10246_Image_1?$kibo_directory_thumbnail$&defaultImage=placeholder_product&defaultImage=placeholder_product,"$2,655.00",Shelf,
3322,"Upward Étagère, Silver",https://www.onekingslane.com//p/4778691-upward-tag-re-silver.do?refType=&from=fn&catnav=119612,https://okl.scene7.com/is/image/OKL/Product_444724712403_Image_1?$kibo_directory_thumbnail$&defaultImage=placeholder_product&defaultImage=placeholder_product,"$2,875.00",Shelf,
3323,"Lescot Étagère, Gunmetal",https://www.onekingslane.com//p/4776064-lescot-tag-re-gunmetal.do?refType=&from=fn&catnav=119612,https://okl.scene7.com/is/image/OKL/Product_651083927786_Image_1?$kibo_directory_thumbnail$&defaultImage=placeholder_product&defaultImage=placeholder_product,"$2,250.00",Shelf,
3324,"Drewry Étagère, Anise",https://www.onekingslane.com//p/4804807-drewry-tag-re-anise.do?refType=&from=fn&catnav=119612,https://okl.scene7.com/is/image/OKL/Product_444725040772_Image_1?$kibo_directory_thumbnail$&defaultImage=placeholder_product&defaultImage=placeholder_product,"$2,285.00",Shelf,
3325,"Suspension Slim Étagère, Antiqued Copper",https://www.onekingslane.com//p/4752071-suspension-slim-tag-re-antiqued-copper.do?refType=&from=fn&catnav=119612,https://okl2.scene7.com/is/image/OKL/Product_662869403783_Image_1?$kibo_directory_thumbnail$&defaultImage=placeholder_product&defaultImage=placeholder_product,"$1,430.00",Shelf,
3326,"Suspension Étagère, Argento Silver",https://www.onekingslane.com//p/4752078-suspension-tag-re-argento-silver.do?refType=&from=fn&catnav=119612,https://okl.scene7.com/is/image/OKL/Product_662869404070_Image_1?$kibo_directory_thumbnail$&defaultImage=placeholder_product&defaultImage=placeholder_product,"$1,950.00",Shelf,
3327,"Honeycomb Slim Étagère, Argento Silver",https://www.onekingslane.com//p/4752086-honeycomb-slim-tag-re-argento-silver.do?refType=&from=fn&catnav=119612,https://okl3.scene7.com/is/image/OKL/Product_662869403646_Image_1?$kibo_directory_thumbnail$&defaultImage=placeholder_product&defaultImage=placeholder_product,"$1,800.00",Shelf,
3328,"Mercury 8-Cube Étagère, White/Ash",https://www.onekingslane.com//p/4752046-mercury-8-cube-tag-re-white-ash.do?refType=&from=fn&catnav=119612,https://okl.scene7.com/is/image/OKL/Product_662869408856_Image_1?$kibo_directory_thumbnail$&defaultImage=placeholder_product&defaultImage=placeholder_product,"$5,185.00",Shelf,
3329,"Suspension Étagère, St. Laurent Iron",https://www.onekingslane.com//p/4752076-suspension-tag-re-st-laurent-iron.do?refType=&from=fn&catnav=119612,https://okl.scene7.com/is/image/OKL/Product_662869403868_Image_1?$kibo_directory_thumbnail$&defaultImage=placeholder_product&defaultImage=placeholder_product,"$1,950.00",Shelf,
3330,"Honeycomb Slim Étagère, Renaissance Gold",https://www.onekingslane.com//p/4752085-honeycomb-slim-tag-re-renaissance-gold.do?refType=&from=fn&catnav=119612,https://okl.scene7.com/is/image/OKL/Product_662869405855_Image_1?$kibo_directory_thumbnail$&defaultImage=placeholder_product&defaultImage=placeholder_product,"$1,800.00",Shelf,
3331,"Suspension Étagère, Antiqued Copper",https://www.onekingslane.com//p/4752075-suspension-tag-re-antiqued-copper.do?refType=&from=fn&catnav=119612,https://okl.scene7.com/is/image/OKL/Product_662869403776_Image_1?$kibo_directory_thumbnail$&defaultImage=placeholder_product&defaultImage=placeholder_product,"$1,950.00",Shelf,
3332,"Honeycomb Étagère, Renaissance Gold",https://www.onekingslane.com//p/4752089-honeycomb-tag-re-renaissance-gold.do?refType=&from=fn&catnav=119612,https://okl2.scene7.com/is/image/OKL/Product_662869403417_Image_1?$kibo_directory_thumbnail$&defaultImage=placeholder_product&defaultImage=placeholder_product,"$2,300.00",Shelf,
3333,"Hilda Bookcase, Dark Brown",https://www.onekingslane.com//p/4871828-hilda-bookcase-dark-brown.do?page=2&refType=&from=fn&catnav=119612,https://okl.scene7.com/is/image/OKL/Product_797379045182_Image_1?$kibo_directory_thumbnail$&defaultImage=placeholder_product&defaultImage=placeholder_product,$625.00,Shelf,
3334,"Beverly Bookcase, White",https://www.onekingslane.com//p/4871829-beverly-bookcase-white.do?page=2&refType=&from=fn&catnav=119612,https://okl.scene7.com/is/image/OKL/Product_797379047377_Image_1?$kibo_directory_thumbnail$&defaultImage=placeholder_product&defaultImage=placeholder_product,$355.00,Shelf,
3335,"Stairs Bookcase, Oak",https://www.onekingslane.com//p/4842461-stairs-bookcase-oak.do?page=2&refType=&from=fn&catnav=119612,https://okl.scene7.com/is/image/OKL/Product_5404023604392_Image_1?$kibo_directory_thumbnail$&defaultImage=placeholder_product&defaultImage=placeholder_product,"$2,720.00",Shelf,
3336,"Beacon Left Bookshelf, Walnut",https://www.onekingslane.com//p/4821964-beacon-left-bookshelf-walnut.do?page=2&refType=&from=fn&catnav=119612,https://okl2.scene7.com/is/image/OKL/Product_444725233587_Image_1?$kibo_directory_thumbnail$&defaultImage=placeholder_product&defaultImage=placeholder_product,"$4,935.00",Shelf,
3337,"Beacon Right Bookshelf, Walnut",https://www.onekingslane.com//p/4821963-beacon-right-bookshelf-walnut.do?page=2&refType=&from=fn&catnav=119612,https://okl.scene7.com/is/image/OKL/Product_444725233570_Image_1?$kibo_directory_thumbnail$&defaultImage=placeholder_product&defaultImage=placeholder_product,"$4,935.00",Shelf,
3338,"Stanwick Bookcase, Dark Brown",https://www.onekingslane.com//p/4819472-stanwick-bookcase-dark-brown.do?page=2&refType=&from=fn&catnav=119612,https://okl2.scene7.com/is/image/OKL/Product_444725201906_Image_1?$kibo_directory_thumbnail$&defaultImage=placeholder_product&defaultImage=placeholder_product,"$4,445.00",Shelf,
3339,"Honeycomb Étagère, Argento Silver",https://www.onekingslane.com//p/4752090-honeycomb-tag-re-argento-silver.do?page=2&refType=&from=fn&catnav=119612,https://okl.scene7.com/is/image/OKL/Product_662869403653_Image_1?$kibo_directory_thumbnail$&defaultImage=placeholder_product&defaultImage=placeholder_product,"$2,300.00",Shelf,
3340,"Bita Bookshelf, Washed Indigo",https://www.onekingslane.com//p/4867866-bita-bookshelf-washed-indigo.do?page=2&refType=&from=fn&catnav=119612,https://okl.scene7.com/is/image/OKL/Product_801542514303_Image_1?$kibo_directory_thumbnail$&defaultImage=placeholder_product&defaultImage=placeholder_product,"$1,300.00",Shelf,
3341,"Nemo Bookshelf, Rattan",https://www.onekingslane.com//p/4867841-nemo-bookshelf-rattan.do?page=2&refType=&from=fn&catnav=119612,https://okl.scene7.com/is/image/OKL/Product_801542508012_Image_1?$kibo_directory_thumbnail$&defaultImage=placeholder_product&defaultImage=placeholder_product,"$1,970.00",Shelf,
3342,"Lark Bookshelf, Navy",https://www.onekingslane.com//p/4877176-lark-bookshelf-navy.do?page=2&refType=&from=fn&catnav=119612,https://okl.scene7.com/is/image/OKL/Product_797379047278_Image_5?$kibo_directory_thumbnail$&defaultImage=placeholder_product&defaultImage=placeholder_product,$795.00,Shelf,
3343,"Geo Slim Étagère, Renaissance Gold",https://www.onekingslane.com//p/4751965-geo-slim-tag-re-renaissance-gold.do?page=2&refType=&from=fn&catnav=119612,https://okl.scene7.com/is/image/OKL/Product_662869405848_Image_1?$kibo_directory_thumbnail$&defaultImage=placeholder_product&defaultImage=placeholder_product,"$1,395.00",Shelf,
3344,"Holden Étagère, Renaissance Gold",https://www.onekingslane.com//p/4751880-holden-tag-re-renaissance-gold.do?page=2&refType=&from=fn&catnav=119612,https://okl.scene7.com/is/image/OKL/Product_662869405770_Image_1?$kibo_directory_thumbnail$&defaultImage=placeholder_product&defaultImage=placeholder_product,"$1,872.00",Shelf,
3345,Late-19th-C. Oak Pewter Cupboard,https://www.onekingslane.com//p/4243324-late-19th-c-oak-pewter-cupboard.do?page=2&refType=&from=fn&catnav=119612,https://okl2.scene7.com/is/image/OKL/vmf_vendor_ILG_4243324_1441216778349_924054?$kibo_directory_thumbnail$&defaultImage=placeholder_product&defaultImage=placeholder_product,"$2,855.00",Shelf,
3346,"1970s Mastercraft-Style Étagères, Pair",https://www.onekingslane.com//p/4675001-1970s-mastercraft-style-tag-res-pair.do?page=2&refType=&from=fn&catnav=119612,https://okl.scene7.com/is/image/OKL/vmf_vendor_QRG_4675001_1492275898175_461073?$kibo_directory_thumbnail$&defaultImage=placeholder_product&defaultImage=placeholder_product,"$5,795.00",Shelf,
3347,19th-C. English Mahogany Étagère,https://www.onekingslane.com//p/4577230-19th-c-english-mahogany-tag-re.do?page=2&refType=&from=fn&catnav=119612,https://okl.scene7.com/is/image/OKL/vmf_vendor_ILG_4577230_1472491235488_700598?$kibo_directory_thumbnail$&defaultImage=placeholder_product&defaultImage=placeholder_product,"$3,275.00",Shelf,
3348,1960s Mahogany Étagère,https://www.onekingslane.com//p/4708862-1960s-mahogany-tag-re.do?page=2&refType=&from=fn&catnav=119612,https://okl3.scene7.com/is/image/OKL/vmf_vendor_LRW_4708862_1504983544606_298382?$kibo_directory_thumbnail$&defaultImage=placeholder_product&defaultImage=placeholder_product,$899.00,Shelf,
3349,1960s Venetian Painted Bookcase,https://www.onekingslane.com//p/4714166-1960s-venetian-painted-bookcase.do?page=2&refType=&from=fn&catnav=119612,https://okl.scene7.com/is/image/OKL/vmf_vendor_FXO_4714166_1505966040664_160324?$kibo_directory_thumbnail$&defaultImage=placeholder_product&defaultImage=placeholder_product,"$1,095.00",Shelf,
3350,Louis Philippe-Style Bookcase,https://www.onekingslane.com//p/4552513-louis-philippe-style-bookcase.do?page=2&refType=&from=fn&catnav=119612,https://okl.scene7.com/is/image/OKL/vmf_vendor_QHD_4552513_1468960933681_259250?$kibo_directory_thumbnail$&defaultImage=placeholder_product&defaultImage=placeholder_product,"$2,395.00",Shelf,
3351,Hand-Carved Shelf,https://www.onekingslane.com//p/4848927-hand-carved-shelf.do?page=2&refType=&from=fn&catnav=119612,https://okl.scene7.com/is/image/OKL/vmf_vendor_NKQ_4848927_1564098093063_923786?$kibo_directory_thumbnail$&defaultImage=placeholder_product&defaultImage=placeholder_product,"$1,405.00",Shelf,
3352,1970's Lighted Wall Unit,https://www.onekingslane.com//p/4855102-1970-s-lighted-wall-unit.do?page=2&refType=&from=fn&catnav=119612,https://okl2.scene7.com/is/image/OKL/vmf_vendor_BNA_4855102_1568739887131_985410?$kibo_directory_thumbnail$&defaultImage=placeholder_product&defaultImage=placeholder_product,"$1,999.00",Shelf,
3353,"Rattan & Grasscloth Etageres, Pair",https://www.onekingslane.com//p/4851242-rattan-grasscloth-etageres-pair.do?page=2&refType=&from=fn&catnav=119612,https://okl2.scene7.com/is/image/OKL/vmf_vendor_FXO_4851242_1565809238852_319060?$kibo_directory_thumbnail$&defaultImage=placeholder_product&defaultImage=placeholder_product,"$1,795.00",Shelf,
3354,19th-C. French Iron Hall Tree,https://www.onekingslane.com//p/4852811-19th-c-french-iron-hall-tree.do?page=2&refType=&from=fn&catnav=119612,https://okl3.scene7.com/is/image/OKL/vmf_vendor_FXO_4852811_1567107509021_204577?$kibo_directory_thumbnail$&defaultImage=placeholder_product&defaultImage=placeholder_product,"$2,495.00",Shelf,
3355,Arthur Umanoff Iron Etagère,https://www.onekingslane.com//p/4752301-arthur-umanoff-iron-etag-re.do?page=2&refType=&from=fn&catnav=119612,https://okl2.scene7.com/is/image/OKL/vmf_vendor_ARU_4752301_1519756920738_88648?$kibo_directory_thumbnail$&defaultImage=placeholder_product&defaultImage=placeholder_product,$899.00,Shelf,
3356,Swedish Country Pine Bookcase Hutch,https://www.onekingslane.com//p/4795619-swedish-country-pine-bookcase-hutch.do?page=2&refType=&from=fn&catnav=119612,https://okl.scene7.com/is/image/OKL/vmf_vendor_KWY_4795619_1535072593564_873831?$kibo_directory_thumbnail$&defaultImage=placeholder_product&defaultImage=placeholder_product,"$2,945.00",Shelf,
3357,French Art Deco Walnut Vitrine,https://www.onekingslane.com//p/4801486-french-art-deco-walnut-vitrine.do?page=2&refType=&from=fn&catnav=119612,https://okl2.scene7.com/is/image/OKL/vmf_vendor_LHN_4801486_1537532223122_708163?$kibo_directory_thumbnail$&defaultImage=placeholder_product&defaultImage=placeholder_product,"$4,195.00",Shelf,
3358,Split Reed Wrapped Etagere,https://www.onekingslane.com//p/4793368-split-reed-wrapped-etagere.do?page=2&refType=&from=fn&catnav=119612,https://okl3.scene7.com/is/image/OKL/vmf_vendor_GJN_4793368_1537202330645_486446?$kibo_directory_thumbnail$&defaultImage=placeholder_product&defaultImage=placeholder_product,"$1,675.00",Shelf,
3359,Macassar Shelving Unit,https://www.onekingslane.com//p/4791339-macassar-shelving-unit.do?page=2&refType=&from=fn&catnav=119612,https://okl.scene7.com/is/image/OKL/vmf_vendor_RWF_4791339_1534115825305_795595?$kibo_directory_thumbnail$&defaultImage=placeholder_product&defaultImage=placeholder_product,"$1,345.00",Shelf,
3360,Walnut Étagère,https://www.onekingslane.com//p/4836529-walnut-tag-re.do?page=2&refType=&from=fn&catnav=119612,https://okl.scene7.com/is/image/OKL/vmf_vendor_SWP_4836529_1554227873831_459281?$kibo_directory_thumbnail$&defaultImage=placeholder_product&defaultImage=placeholder_product,$799.00,Shelf,
3361,19th-C. English Store Shelf,https://www.onekingslane.com//p/4838714-19th-c-english-store-shelf.do?page=2&refType=&from=fn&catnav=119612,https://okl3.scene7.com/is/image/OKL/vmf_vendor_ILG_4838714_1555433822217_303559?$kibo_directory_thumbnail$&defaultImage=placeholder_product&defaultImage=placeholder_product,"$3,595.00",Shelf,
3362,19th-C. English Ebonized Pier Cabinet,https://www.onekingslane.com//p/4838518-19th-c-english-ebonized-pier-cabinet.do?page=2&refType=&from=fn&catnav=119612,https://okl.scene7.com/is/image/OKL/vmf_vendor_FVC_4838518_1555534304981_508068?$kibo_directory_thumbnail$&defaultImage=placeholder_product&defaultImage=placeholder_product,"$1,895.00",Shelf,
3363,French Ebonized Étagère,https://www.onekingslane.com//p/4774656-french-ebonized-tag-re.do?page=2&refType=&from=fn&catnav=119612,https://okl.scene7.com/is/image/OKL/vmf_vendor_LRW_4774656_1528326228602_491172?$kibo_directory_thumbnail$&defaultImage=placeholder_product&defaultImage=placeholder_product,"$1,499.00",Shelf,
3364,"1970s Wood & Glass Étagères, Pair",https://www.onekingslane.com//p/4771514-1970s-wood-glass-tag-res-pair.do?page=2&refType=&from=fn&catnav=119612,https://okl.scene7.com/is/image/OKL/vmf_vendor_BNA_4771514_1527101425047_106530?$kibo_directory_thumbnail$&defaultImage=placeholder_product&defaultImage=placeholder_product,"$1,439.00",Shelf,
3365,19th-C. American Federal Étagère,https://www.onekingslane.com//p/4744720-19th-c-american-federal-tag-re.do?page=2&refType=&from=fn&catnav=119612,https://okl2.scene7.com/is/image/OKL/vmf_vendor_TAF_4744720_1517369908671_54882?$kibo_directory_thumbnail$&defaultImage=placeholder_product&defaultImage=placeholder_product,"$1,875.00",Shelf,
3366,19th-C. French Bookcase,https://www.onekingslane.com//p/4862947-19th-c-french-bookcase.do?page=2&refType=&from=fn&catnav=119612,https://okl.scene7.com/is/image/OKL/vmf_vendor_ILG_4862947_1574099486673_323423?$kibo_directory_thumbnail$&defaultImage=placeholder_product&defaultImage=placeholder_product,"$2,745.00",Shelf,
3367,19th-C. English Mahogany Étagère,https://www.onekingslane.com//p/4863443-19th-c-english-mahogany-tag-re.do?page=2&refType=&from=fn&catnav=119612,https://okl.scene7.com/is/image/OKL/vmf_vendor_ILG_4863443_1574452204458_650136?$kibo_directory_thumbnail$&defaultImage=placeholder_product&defaultImage=placeholder_product,"$1,755.00",Shelf,
3368,Midcentury Bamboo Shelf / Book Shelf,https://www.onekingslane.com//p/4875294-midcentury-bamboo-shelf-book-shelf.do?page=2&refType=&from=fn&catnav=119612,https://okl.scene7.com/is/image/OKL/vmf_vendor_THK_4875294_1584379124784_969342?$kibo_directory_thumbnail$&defaultImage=placeholder_product&defaultImage=placeholder_product,$245.00,Shelf,
3369,19th Century English Mahogany Shelf,https://www.onekingslane.com//p/4868379-19th-century-english-mahogany-shelf.do?page=2&refType=&from=fn&catnav=119612,https://okl2.scene7.com/is/image/OKL/vmf_vendor_ILG_4868379_1579708646796_149459?$kibo_directory_thumbnail$&defaultImage=placeholder_product&defaultImage=placeholder_product,"$1,425.00",Shelf,
3370,"Rattan Etageres From 70's, Pair",https://www.onekingslane.com//p/4875044-rattan-etageres-from-70-s-pair.do?page=2&refType=&from=fn&catnav=119612,https://okl.scene7.com/is/image/OKL/vmf_vendor_BNA_4875044_1584035881110_574245?$kibo_directory_thumbnail$&defaultImage=placeholder_product&defaultImage=placeholder_product,"$1,999.00",Shelf,
3371,French Painted Provencal Bookcase,https://www.onekingslane.com//p/4875788-french-painted-provencal-bookcase.do?page=2&refType=&from=fn&catnav=119612,https://okl3.scene7.com/is/image/OKL/vmf_vendor_LHN_4875788_1584804884723_350610?$kibo_directory_thumbnail$&defaultImage=placeholder_product&defaultImage=placeholder_product,"$3,795.00",Shelf,
3372,19th-C. Mahogany Étagère,https://www.onekingslane.com//p/4846069-19th-c-mahogany-tag-re.do?page=2&refType=&from=fn&catnav=119612,https://okl3.scene7.com/is/image/OKL/vmf_vendor_ILG_4846069_1561596910343_277650?$kibo_directory_thumbnail$&defaultImage=placeholder_product&defaultImage=placeholder_product,"$3,625.00",Shelf,
3373,19th-C. Oak Shelf from France,https://www.onekingslane.com//p/4845728-19th-c-oak-shelf-from-france.do?page=2&refType=&from=fn&catnav=119612,https://okl.scene7.com/is/image/OKL/vmf_vendor_ILG_4845728_1561475685985_759297?$kibo_directory_thumbnail$&defaultImage=placeholder_product&defaultImage=placeholder_product,"$1,755.00",Shelf,
3374,Palecek Iron Pagoda Étagère,https://www.onekingslane.com//p/4839701-palecek-iron-pagoda-tag-re.do?page=2&refType=&from=fn&catnav=119612,https://okl.scene7.com/is/image/OKL/vmf_vendor_UTU_4839701_1556106349115_726468?$kibo_directory_thumbnail$&defaultImage=placeholder_product&defaultImage=placeholder_product,"$1,295.00",Shelf,
3375,19th-Century Bamboo Open Bookcase,https://www.onekingslane.com//p/4843103-19th-century-bamboo-open-bookcase.do?page=2&refType=&from=fn&catnav=119612,https://okl3.scene7.com/is/image/OKL/vmf_vendor_FVC_4843103_1559186315992_112022?$kibo_directory_thumbnail$&defaultImage=placeholder_product&defaultImage=placeholder_product,"$1,295.00",Shelf,
3376,Industrial Spool Shelf,https://www.onekingslane.com//p/4748141-industrial-spool-shelf.do?page=2&refType=&from=fn&catnav=119612,https://okl.scene7.com/is/image/OKL/vmf_vendor_ILG_4748141_1518565874854_594641?$kibo_directory_thumbnail$&defaultImage=placeholder_product&defaultImage=placeholder_product,"$3,075.00",Shelf,
3377,Aged White Farmhouse Cabinet,https://www.onekingslane.com//p/4829796-aged-white-farmhouse-cabinet.do?page=2&refType=&from=fn&catnav=119612,https://okl.scene7.com/is/image/OKL/vmf_vendor_KWY_4829796_1550000437851_133387?$kibo_directory_thumbnail$&defaultImage=placeholder_product&defaultImage=placeholder_product,"$2,985.00",Shelf,
3378,Turquoise Shanxi Cabinet,https://www.onekingslane.com//p/4829798-turquoise-shanxi-cabinet.do?page=2&refType=&from=fn&catnav=119612,https://okl2.scene7.com/is/image/OKL/vmf_vendor_KWY_4829798_1550000957314_136080?$kibo_directory_thumbnail$&defaultImage=placeholder_product&defaultImage=placeholder_product,"$2,965.00",Shelf,
3379,Lacquered Slate Tansu Floral Cabinet,https://www.onekingslane.com//p/4829918-lacquered-slate-tansu-floral-cabinet.do?page=2&refType=&from=fn&catnav=119612,https://okl.scene7.com/is/image/OKL/vmf_vendor_KWY_4829918_1550017289205_480708?$kibo_directory_thumbnail$&defaultImage=placeholder_product&defaultImage=placeholder_product,"$2,465.00",Shelf,
3380,19th-C. English Mahogany Whatnot,https://www.onekingslane.com//p/4821600-19th-c-english-mahogany-whatnot.do?page=2&refType=&from=fn&catnav=119612,https://okl.scene7.com/is/image/OKL/vmf_vendor_ILG_4821600_1546021627798_597699?$kibo_directory_thumbnail$&defaultImage=placeholder_product&defaultImage=placeholder_product,"$4,179.00",Shelf,
3381,Antique Latticework Wall Cabinet,https://www.onekingslane.com//p/4833374-antique-latticework-wall-cabinet.do?page=2&refType=&from=fn&catnav=119612,https://okl.scene7.com/is/image/OKL/vmf_vendor_VML_4833374_1551994549040_518230?$kibo_directory_thumbnail$&defaultImage=placeholder_product&defaultImage=placeholder_product,"$1,295.00",Shelf,
3382,Chinoiserie Iron Étagère,https://www.onekingslane.com//p/4766637-chinoiserie-iron-tag-re.do?page=2&refType=&from=fn&catnav=119612,https://okl.scene7.com/is/image/OKL/vmf_vendor_VML_4766637_1524844207163_509823?$kibo_directory_thumbnail$&defaultImage=placeholder_product&defaultImage=placeholder_product,"$1,495.00",Shelf,
3383,19th-C. English Mahogany Shelf,https://www.onekingslane.com//p/4727691-19th-c-english-mahogany-shelf.do?page=2&refType=&from=fn&catnav=119612,https://okl2.scene7.com/is/image/OKL/vmf_vendor_ILG_4727691_1510256472699_440876?$kibo_directory_thumbnail$&defaultImage=placeholder_product&defaultImage=placeholder_product,"$3,075.00",Shelf,
3384,Kittinger 2-Drawer Étagère,https://www.onekingslane.com//p/4752222-kittinger-2-drawer-tag-re.do?page=2&refType=&from=fn&catnav=119612,https://okl3.scene7.com/is/image/OKL/vmf_vendor_UTU_4752222_1519697942393_618101?$kibo_directory_thumbnail$&defaultImage=placeholder_product&defaultImage=placeholder_product,"$1,595.00",Shelf,
3385,19th Century French Dessert Buffet,https://www.onekingslane.com//p/4868572-19th-century-french-dessert-buffet.do?page=2&refType=&from=fn&catnav=119612,https://okl3.scene7.com/is/image/OKL/vmf_vendor_ILG_4868572_1579803473555_293918?$kibo_directory_thumbnail$&defaultImage=placeholder_product&defaultImage=placeholder_product,"$2,755.00",Shelf,
3386,Late 19th Century French Walnut Bookcase,https://www.onekingslane.com//p/4770195-late-19th-century-french-walnut-bookcase.do?page=2&refType=&from=fn&catnav=119612,https://okl.scene7.com/is/image/OKL/vmf_vendor_XWC_4770195_1526415016356_31596?$kibo_directory_thumbnail$&defaultImage=placeholder_product&defaultImage=placeholder_product,"$2,294.00",Shelf,
3387,Midcentury California Glenn Credenza,https://www.onekingslane.com//p/4871707-midcentury-california-glenn-credenza.do?page=2&refType=&from=fn&catnav=119612,https://okl.scene7.com/is/image/OKL/vmf_vendor_XWC_4871707_1582141157765_463895?$kibo_directory_thumbnail$&defaultImage=placeholder_product&defaultImage=placeholder_product,"$3,199.00",Shelf,
3388,"Washington Bookcase, Pure White",https://www.onekingslane.com//p/4683334-washington-bookcase-pure-white.do?sortby=bestSellersAscend&refType=&from=fn&catnav=119660,https://okl.scene7.com/is/image/OKL/Product_VNG10693_Image_1?$kibo_directory_thumbnail$&defaultImage=placeholder_product&defaultImage=placeholder_product,"$3,895.00",Shelf,
3389,"Mones Bookcase, Graywash",https://www.onekingslane.com//p/4795200-mones-bookcase-graywash.do?sortby=bestSellersAscend&refType=&from=fn&catnav=119660,https://okl2.scene7.com/is/image/OKL/Product_818484021035_Image_1?$kibo_directory_thumbnail$&defaultImage=placeholder_product&defaultImage=placeholder_product,"$4,935.00",Shelf,
3390,"Chi Bookcase, Black",https://www.onekingslane.com//p/4720270-chi-bookcase-black.do?sortby=bestSellersAscend&refType=&from=fn&catnav=119660,https://okl2.scene7.com/is/image/OKL/Product_BYW10392_Image_1?$kibo_directory_thumbnail$&defaultImage=placeholder_product&defaultImage=placeholder_product,"$6,100.00",Shelf,
3391,Bryson Bookcase,https://www.onekingslane.com//p/3638823-bryson-bookcase.do?sortby=bestSellersAscend&refType=&from=fn&catnav=119660,https://okl2.scene7.com/is/image/OKL/Product_XGH10092_Image_1?$kibo_directory_thumbnail$&defaultImage=placeholder_product&defaultImage=placeholder_product,"$2,715.00",Shelf,
3392,"Washington Bookcase, Dove Gray",https://www.onekingslane.com//p/4683333-washington-bookcase-dove-gray.do?sortby=bestSellersAscend&refType=&from=fn&catnav=119660,https://okl.scene7.com/is/image/OKL/Product_VNG10692_Image_1?$kibo_directory_thumbnail$&defaultImage=placeholder_product&defaultImage=placeholder_product,"$3,895.00",Shelf,
3393,"Ollie Bookcase, Natural",https://www.onekingslane.com//p/3903872-ollie-bookcase-natural.do?sortby=bestSellersAscend&refType=&from=fn&catnav=119660,https://okl3.scene7.com/is/image/OKL/Product_SVF80963_Image_1?$kibo_directory_thumbnail$&defaultImage=placeholder_product&defaultImage=placeholder_product,$245.00,Shelf,
3394,"Blackbird Bookcase, Black/Oak",https://www.onekingslane.com//p/4842446-blackbird-bookcase-black-oak.do?sortby=bestSellersAscend&refType=&from=fn&catnav=119660,https://okl2.scene7.com/is/image/OKL/Product_5404023604064_Image_1?$kibo_directory_thumbnail$&defaultImage=placeholder_product&defaultImage=placeholder_product,"$2,820.00",Shelf,
3395,"Mondrian Bookcase, Teak",https://www.onekingslane.com//p/4796898-mondrian-bookcase-teak.do?sortby=bestSellersAscend&refType=&from=fn&catnav=119660,https://okl.scene7.com/is/image/OKL/Product_736983024046_Image_1?$kibo_directory_thumbnail$&defaultImage=placeholder_product&defaultImage=placeholder_product,"$2,620.00",Shelf,
3396,"Mondrian Bookcase, Oak",https://www.onekingslane.com//p/4796897-mondrian-bookcase-oak.do?sortby=bestSellersAscend&refType=&from=fn&catnav=119660,https://okl.scene7.com/is/image/OKL/Product_703610318557_Image_1?$kibo_directory_thumbnail$&defaultImage=placeholder_product&defaultImage=placeholder_product,"$2,285.00",Shelf,
3397,"Spender Asymmetrical Bookcase, Driftwood",https://www.onekingslane.com//p/4298270-spender-asymmetrical-bookcase-driftwood.do?sortby=bestSellersAscend&refType=&from=fn&catnav=119660,https://okl.scene7.com/is/image/OKL/Product_NMF10498_Image_1?$kibo_directory_thumbnail$&defaultImage=placeholder_product&defaultImage=placeholder_product,"$1,295.00",Shelf,
3398,"Guthrie Bookshelf, Natural",https://www.onekingslane.com//p/3651740-guthrie-bookshelf-natural.do?sortby=bestSellersAscend&refType=&from=fn&catnav=119660,https://okl.scene7.com/is/image/OKL/Product_AAM13627_Image_1?$kibo_directory_thumbnail$&defaultImage=placeholder_product&defaultImage=placeholder_product,$495.00,Shelf,
3399,"Sobe Étagère, Black",https://www.onekingslane.com//p/4673789-sobe-tag-re-black.do?sortby=bestSellersAscend&refType=&from=fn&catnav=119660,https://okl.scene7.com/is/image/OKL/Product_DAV11202_Image_1?$kibo_directory_thumbnail$&defaultImage=placeholder_product&defaultImage=placeholder_product,"$1,995.00",Shelf,
3400,"Toy Storage Unit, Walnut/White",https://www.onekingslane.com//p/4686398-toy-storage-unit-walnut-white.do?sortby=bestSellersAscend&refType=&from=fn&catnav=119660,https://okl3.scene7.com/is/image/OKL/Product_QWX00004_Image_1?$kibo_directory_thumbnail$&defaultImage=placeholder_product&defaultImage=placeholder_product,$498.00,Shelf,
3401,"Dean Bookcase, Mahogany",https://www.onekingslane.com//p/1179731-dean-bookcase-mahogany.do?sortby=bestSellersAscend&refType=&from=fn&catnav=119660,https://okl.scene7.com/is/image/OKL/Product_AAM10912_Image_1?$kibo_directory_thumbnail$&defaultImage=placeholder_product&defaultImage=placeholder_product,$845.00,Shelf,
3402,"Mondrian Small Bookcase, Oak",https://www.onekingslane.com//p/4796899-mondrian-small-bookcase-oak.do?sortby=bestSellersAscend&refType=&from=fn&catnav=119660,https://okl2.scene7.com/is/image/OKL/Product_703610318564_Image_1?$kibo_directory_thumbnail$&defaultImage=placeholder_product&defaultImage=placeholder_product,"$1,345.00",Shelf,
3403,"Maben Acrylic Bookcase, Clear",https://www.onekingslane.com//p/4670311-maben-acrylic-bookcase-clear.do?sortby=bestSellersAscend&refType=&from=fn&catnav=119660,https://okl.scene7.com/is/image/OKL/Product_FLX11984_Image_1?$kibo_directory_thumbnail$&defaultImage=placeholder_product&defaultImage=placeholder_product,$655.00,Shelf,
3404,"Grace Bookcase, Cottage White",https://www.onekingslane.com//p/3932306-grace-bookcase-cottage-white.do?sortby=bestSellersAscend&refType=&from=fn&catnav=119660,https://okl3.scene7.com/is/image/OKL/Product_FLX11652_Image_1?$kibo_directory_thumbnail$&defaultImage=placeholder_product&defaultImage=placeholder_product,$435.00,Shelf,
3405,"Grace Bookcase, Honey Brown",https://www.onekingslane.com//p/3706323-grace-bookcase-honey-brown.do?sortby=bestSellersAscend&refType=&from=fn&catnav=119660,https://okl.scene7.com/is/image/OKL/Product_FLX11527_Image_1?$kibo_directory_thumbnail$&defaultImage=placeholder_product&defaultImage=placeholder_product,$445.00,Shelf,
3406,"Savannah Petite Bookshelf, Natural",https://www.onekingslane.com//p/2674693-savannah-petite-bookshelf-natural.do?sortby=bestSellersAscend&refType=&from=fn&catnav=119660,https://okl.scene7.com/is/image/OKL/Product_FLX11303_Image_1?$kibo_directory_thumbnail$&defaultImage=placeholder_product&defaultImage=placeholder_product,$265.00,Shelf,
3407,"Santoni Bookcase, Espresso",https://www.onekingslane.com//p/946466-santoni-bookcase-espresso.do?sortby=bestSellersAscend&refType=&from=fn&catnav=119660,https://okl.scene7.com/is/image/OKL/Product_PAN10494_Image_1?$kibo_directory_thumbnail$&defaultImage=placeholder_product&defaultImage=placeholder_product,$659.00,Shelf,
3408,"Toy Storage Unit, Natural/White",https://www.onekingslane.com//p/4686397-toy-storage-unit-natural-white.do?sortby=bestSellersAscend&refType=&from=fn&catnav=119660,https://okl2.scene7.com/is/image/OKL/Product_QWX00003_Image_1?$kibo_directory_thumbnail$&defaultImage=placeholder_product&defaultImage=placeholder_product,$495.00,Shelf,
3409,"Vertical Mini Bookshelf, White/Natural",https://www.onekingslane.com//p/4695979-vertical-mini-bookshelf-white-natural.do?sortby=bestSellersAscend&refType=&from=fn&catnav=119660,https://okl.scene7.com/is/image/OKL/Product_QWX00040_Image_1?$kibo_directory_thumbnail$&defaultImage=placeholder_product&defaultImage=placeholder_product,$678.00,Shelf,
3410,"Mini Bookshelf, White/Natural",https://www.onekingslane.com//p/4686395-mini-bookshelf-white-natural.do?sortby=bestSellersAscend&refType=&from=fn&catnav=119660,https://okl2.scene7.com/is/image/OKL/Product_QWX00000_Image_1?$kibo_directory_thumbnail$&defaultImage=placeholder_product&defaultImage=placeholder_product,$678.00,Shelf,
3411,"Mini Bookshelf, White/Walnut",https://www.onekingslane.com//p/4686396-mini-bookshelf-white-walnut.do?sortby=bestSellersAscend&refType=&from=fn&catnav=119660,https://okl3.scene7.com/is/image/OKL/Product_QWX00002_Image_1?$kibo_directory_thumbnail$&defaultImage=placeholder_product&defaultImage=placeholder_product,$678.00,Shelf,
3412,"Concord Tiered Bookcase, Whitewash",https://www.onekingslane.com//p/4532322-concord-tiered-bookcase-whitewash.do?sortby=bestSellersAscend&refType=&from=fn&catnav=119660,https://okl.scene7.com/is/image/OKL/Product_AAM13939_Image_1?$kibo_directory_thumbnail$&defaultImage=placeholder_product&defaultImage=placeholder_product,$349.00,Shelf,
3413,"Hilde Bookshelf, White",https://www.onekingslane.com//p/4650346-hilde-bookshelf-white.do?sortby=bestSellersAscend&refType=&from=fn&catnav=119660,https://okl.scene7.com/is/image/OKL/Product_889048200258_Image_1?$kibo_directory_thumbnail$&defaultImage=placeholder_product&defaultImage=placeholder_product,$325.00,Shelf,
3414,"Ollie Bookcase, Gray",https://www.onekingslane.com//p/2250198-ollie-bookcase-gray.do?sortby=bestSellersAscend&refType=&from=fn&catnav=119660,https://okl.scene7.com/is/image/OKL/Product_SVF50156_Image_1?$kibo_directory_thumbnail$&defaultImage=placeholder_product&defaultImage=placeholder_product,$245.00,Shelf,
3415,"Greta Bookshelf, Natural",https://www.onekingslane.com//p/4650344-greta-bookshelf-natural.do?sortby=bestSellersAscend&refType=&from=fn&catnav=119660,https://okl3.scene7.com/is/image/OKL/Product_SVF83932_Image_1?$kibo_directory_thumbnail$&defaultImage=placeholder_product&defaultImage=placeholder_product,$175.00,Shelf,
3416,"Bauhaus Open Bookcase, Walnut",https://www.onekingslane.com//p/3395400-bauhaus-open-bookcase-walnut.do?sortby=bestSellersAscend&refType=&from=fn&catnav=119660,https://okl3.scene7.com/is/image/OKL/Product_NOR11104_Image_1?$kibo_directory_thumbnail$&defaultImage=placeholder_product&defaultImage=placeholder_product,"$3,685.00",Shelf,
3417,"Forli Mirrored Étagère, Antiqued Gold",https://www.onekingslane.com//p/4516350-forli-mirrored-tag-re-antiqued-gold.do?sortby=bestSellersAscend&refType=&from=fn&catnav=119660,https://okl2.scene7.com/is/image/OKL/Product_NOR11491_Image_1?$kibo_directory_thumbnail$&defaultImage=placeholder_product&defaultImage=placeholder_product,"$1,495.00",Shelf,
3418,"Sobe Étagère, Bright Green",https://www.onekingslane.com//p/4673790-sobe-tag-re-bright-green.do?sortby=bestSellersAscend&refType=&from=fn&catnav=119660,https://okl2.scene7.com/is/image/OKL/Product_DAV11203_Image_1?$kibo_directory_thumbnail$&defaultImage=placeholder_product&defaultImage=placeholder_product,"$1,995.00",Shelf,
3419,"Sobe Étagère, Pacific Blue",https://www.onekingslane.com//p/4673793-sobe-tag-re-pacific-blue.do?sortby=bestSellersAscend&refType=&from=fn&catnav=119660,https://okl.scene7.com/is/image/OKL/Product_DAV11206_Image_1?$kibo_directory_thumbnail$&defaultImage=placeholder_product&defaultImage=placeholder_product,"$1,995.00",Shelf,
3420,"Hilda Bookcase, Dark Brown",https://www.onekingslane.com//p/4871828-hilda-bookcase-dark-brown.do?sortby=bestSellersAscend&refType=&from=fn&catnav=119660,https://okl.scene7.com/is/image/OKL/Product_797379045182_Image_1?$kibo_directory_thumbnail$&defaultImage=placeholder_product&defaultImage=placeholder_product,$625.00,Shelf,
3421,"Beverly Bookcase, White",https://www.onekingslane.com//p/4871829-beverly-bookcase-white.do?sortby=bestSellersAscend&refType=&from=fn&catnav=119660,https://okl.scene7.com/is/image/OKL/Product_797379047377_Image_1?$kibo_directory_thumbnail$&defaultImage=placeholder_product&defaultImage=placeholder_product,$355.00,Shelf,
3422,"Stairs Bookcase, Oak",https://www.onekingslane.com//p/4842461-stairs-bookcase-oak.do?sortby=bestSellersAscend&refType=&from=fn&catnav=119660,https://okl.scene7.com/is/image/OKL/Product_5404023604392_Image_1?$kibo_directory_thumbnail$&defaultImage=placeholder_product&defaultImage=placeholder_product,"$2,720.00",Shelf,
3423,"Beacon Left Bookshelf, Walnut",https://www.onekingslane.com//p/4821964-beacon-left-bookshelf-walnut.do?sortby=bestSellersAscend&refType=&from=fn&catnav=119660,https://okl2.scene7.com/is/image/OKL/Product_444725233587_Image_1?$kibo_directory_thumbnail$&defaultImage=placeholder_product&defaultImage=placeholder_product,"$4,935.00",Shelf,
3424,"Beacon Right Bookshelf, Walnut",https://www.onekingslane.com//p/4821963-beacon-right-bookshelf-walnut.do?sortby=bestSellersAscend&refType=&from=fn&catnav=119660,https://okl.scene7.com/is/image/OKL/Product_444725233570_Image_1?$kibo_directory_thumbnail$&defaultImage=placeholder_product&defaultImage=placeholder_product,"$4,935.00",Shelf,
3425,"Stanwick Bookcase, Dark Brown",https://www.onekingslane.com//p/4819472-stanwick-bookcase-dark-brown.do?sortby=bestSellersAscend&refType=&from=fn&catnav=119660,https://okl2.scene7.com/is/image/OKL/Product_444725201906_Image_1?$kibo_directory_thumbnail$&defaultImage=placeholder_product&defaultImage=placeholder_product,"$4,445.00",Shelf,
3426,"Bita Bookshelf, Washed Indigo",https://www.onekingslane.com//p/4867866-bita-bookshelf-washed-indigo.do?sortby=bestSellersAscend&refType=&from=fn&catnav=119660,https://okl.scene7.com/is/image/OKL/Product_801542514303_Image_1?$kibo_directory_thumbnail$&defaultImage=placeholder_product&defaultImage=placeholder_product,"$1,300.00",Shelf,
3427,"Nemo Bookshelf, Rattan",https://www.onekingslane.com//p/4867841-nemo-bookshelf-rattan.do?sortby=bestSellersAscend&refType=&from=fn&catnav=119660,https://okl.scene7.com/is/image/OKL/Product_801542508012_Image_1?$kibo_directory_thumbnail$&defaultImage=placeholder_product&defaultImage=placeholder_product,"$1,970.00",Shelf,
3428,"Lark Bookshelf, Navy",https://www.onekingslane.com//p/4877176-lark-bookshelf-navy.do?sortby=bestSellersAscend&refType=&from=fn&catnav=119660,https://okl.scene7.com/is/image/OKL/Product_797379047278_Image_5?$kibo_directory_thumbnail$&defaultImage=placeholder_product&defaultImage=placeholder_product,$795.00,Shelf,
3429,Late-19th-C. Oak Pewter Cupboard,https://www.onekingslane.com//p/4243324-late-19th-c-oak-pewter-cupboard.do?sortby=bestSellersAscend&refType=&from=fn&catnav=119660,https://okl2.scene7.com/is/image/OKL/vmf_vendor_ILG_4243324_1441216778349_924054?$kibo_directory_thumbnail$&defaultImage=placeholder_product&defaultImage=placeholder_product,"$2,855.00",Shelf,
3430,1960s Venetian Painted Bookcase,https://www.onekingslane.com//p/4714166-1960s-venetian-painted-bookcase.do?sortby=bestSellersAscend&refType=&from=fn&catnav=119660,https://okl.scene7.com/is/image/OKL/vmf_vendor_FXO_4714166_1505966040664_160324?$kibo_directory_thumbnail$&defaultImage=placeholder_product&defaultImage=placeholder_product,"$1,095.00",Shelf,
3431,Louis Philippe-Style Bookcase,https://www.onekingslane.com//p/4552513-louis-philippe-style-bookcase.do?sortby=bestSellersAscend&refType=&from=fn&catnav=119660,https://okl.scene7.com/is/image/OKL/vmf_vendor_QHD_4552513_1468960933681_259250?$kibo_directory_thumbnail$&defaultImage=placeholder_product&defaultImage=placeholder_product,"$2,395.00",Shelf,
3432,Hand-Carved Shelf,https://www.onekingslane.com//p/4848927-hand-carved-shelf.do?sortby=bestSellersAscend&refType=&from=fn&catnav=119660,https://okl.scene7.com/is/image/OKL/vmf_vendor_NKQ_4848927_1564098093063_923786?$kibo_directory_thumbnail$&defaultImage=placeholder_product&defaultImage=placeholder_product,"$1,405.00",Shelf,
3433,1970's Lighted Wall Unit,https://www.onekingslane.com//p/4855102-1970-s-lighted-wall-unit.do?sortby=bestSellersAscend&refType=&from=fn&catnav=119660,https://okl2.scene7.com/is/image/OKL/vmf_vendor_BNA_4855102_1568739887131_985410?$kibo_directory_thumbnail$&defaultImage=placeholder_product&defaultImage=placeholder_product,"$1,999.00",Shelf,
3434,Arthur Umanoff Iron Etagère,https://www.onekingslane.com//p/4752301-arthur-umanoff-iron-etag-re.do?sortby=bestSellersAscend&refType=&from=fn&catnav=119660,https://okl2.scene7.com/is/image/OKL/vmf_vendor_ARU_4752301_1519756920738_88648?$kibo_directory_thumbnail$&defaultImage=placeholder_product&defaultImage=placeholder_product,$899.00,Shelf,
3435,Swedish Country Pine Bookcase Hutch,https://www.onekingslane.com//p/4795619-swedish-country-pine-bookcase-hutch.do?sortby=bestSellersAscend&refType=&from=fn&catnav=119660,https://okl.scene7.com/is/image/OKL/vmf_vendor_KWY_4795619_1535072593564_873831?$kibo_directory_thumbnail$&defaultImage=placeholder_product&defaultImage=placeholder_product,"$2,945.00",Shelf,
3436,French Art Deco Walnut Vitrine,https://www.onekingslane.com//p/4801486-french-art-deco-walnut-vitrine.do?sortby=bestSellersAscend&refType=&from=fn&catnav=119660,https://okl2.scene7.com/is/image/OKL/vmf_vendor_LHN_4801486_1537532223122_708163?$kibo_directory_thumbnail$&defaultImage=placeholder_product&defaultImage=placeholder_product,"$4,195.00",Shelf,
3437,Macassar Shelving Unit,https://www.onekingslane.com//p/4791339-macassar-shelving-unit.do?sortby=bestSellersAscend&refType=&from=fn&catnav=119660,https://okl.scene7.com/is/image/OKL/vmf_vendor_RWF_4791339_1534115825305_795595?$kibo_directory_thumbnail$&defaultImage=placeholder_product&defaultImage=placeholder_product,"$1,345.00",Shelf,
3438,Walnut Étagère,https://www.onekingslane.com//p/4836529-walnut-tag-re.do?sortby=bestSellersAscend&refType=&from=fn&catnav=119660,https://okl.scene7.com/is/image/OKL/vmf_vendor_SWP_4836529_1554227873831_459281?$kibo_directory_thumbnail$&defaultImage=placeholder_product&defaultImage=placeholder_product,$799.00,Shelf,
3439,19th-C. English Store Shelf,https://www.onekingslane.com//p/4838714-19th-c-english-store-shelf.do?sortby=bestSellersAscend&refType=&from=fn&catnav=119660,https://okl3.scene7.com/is/image/OKL/vmf_vendor_ILG_4838714_1555433822217_303559?$kibo_directory_thumbnail$&defaultImage=placeholder_product&defaultImage=placeholder_product,"$3,595.00",Shelf,
3440,19th-C. English Ebonized Pier Cabinet,https://www.onekingslane.com//p/4838518-19th-c-english-ebonized-pier-cabinet.do?sortby=bestSellersAscend&refType=&from=fn&catnav=119660,https://okl.scene7.com/is/image/OKL/vmf_vendor_FVC_4838518_1555534304981_508068?$kibo_directory_thumbnail$&defaultImage=placeholder_product&defaultImage=placeholder_product,"$1,895.00",Shelf,
3441,19th-C. French Bookcase,https://www.onekingslane.com//p/4862947-19th-c-french-bookcase.do?sortby=bestSellersAscend&refType=&from=fn&catnav=119660,https://okl.scene7.com/is/image/OKL/vmf_vendor_ILG_4862947_1574099486673_323423?$kibo_directory_thumbnail$&defaultImage=placeholder_product&defaultImage=placeholder_product,"$2,745.00",Shelf,
3442,Midcentury Bamboo Shelf / Book Shelf,https://www.onekingslane.com//p/4875294-midcentury-bamboo-shelf-book-shelf.do?sortby=bestSellersAscend&refType=&from=fn&catnav=119660,https://okl.scene7.com/is/image/OKL/vmf_vendor_THK_4875294_1584379124784_969342?$kibo_directory_thumbnail$&defaultImage=placeholder_product&defaultImage=placeholder_product,$245.00,Shelf,
3443,19th Century English Mahogany Shelf,https://www.onekingslane.com//p/4868379-19th-century-english-mahogany-shelf.do?sortby=bestSellersAscend&refType=&from=fn&catnav=119660,https://okl2.scene7.com/is/image/OKL/vmf_vendor_ILG_4868379_1579708646796_149459?$kibo_directory_thumbnail$&defaultImage=placeholder_product&defaultImage=placeholder_product,"$1,425.00",Shelf,
3444,French Painted Provencal Bookcase,https://www.onekingslane.com//p/4875788-french-painted-provencal-bookcase.do?sortby=bestSellersAscend&refType=&from=fn&catnav=119660,https://okl3.scene7.com/is/image/OKL/vmf_vendor_LHN_4875788_1584804884723_350610?$kibo_directory_thumbnail$&defaultImage=placeholder_product&defaultImage=placeholder_product,"$3,795.00",Shelf,
3445,19th-C. Oak Shelf from France,https://www.onekingslane.com//p/4845728-19th-c-oak-shelf-from-france.do?sortby=bestSellersAscend&refType=&from=fn&catnav=119660,https://okl.scene7.com/is/image/OKL/vmf_vendor_ILG_4845728_1561475685985_759297?$kibo_directory_thumbnail$&defaultImage=placeholder_product&defaultImage=placeholder_product,"$1,755.00",Shelf,
3446,19th-Century Bamboo Open Bookcase,https://www.onekingslane.com//p/4843103-19th-century-bamboo-open-bookcase.do?sortby=bestSellersAscend&refType=&from=fn&catnav=119660,https://okl3.scene7.com/is/image/OKL/vmf_vendor_FVC_4843103_1559186315992_112022?$kibo_directory_thumbnail$&defaultImage=placeholder_product&defaultImage=placeholder_product,"$1,295.00",Shelf,
3447,Industrial Spool Shelf,https://www.onekingslane.com//p/4748141-industrial-spool-shelf.do?sortby=bestSellersAscend&refType=&from=fn&catnav=119660,https://okl.scene7.com/is/image/OKL/vmf_vendor_ILG_4748141_1518565874854_594641?$kibo_directory_thumbnail$&defaultImage=placeholder_product&defaultImage=placeholder_product,"$3,075.00",Shelf,
3448,19th-C. English Mahogany Whatnot,https://www.onekingslane.com//p/4821600-19th-c-english-mahogany-whatnot.do?sortby=bestSellersAscend&refType=&from=fn&catnav=119660,https://okl.scene7.com/is/image/OKL/vmf_vendor_ILG_4821600_1546021627798_597699?$kibo_directory_thumbnail$&defaultImage=placeholder_product&defaultImage=placeholder_product,"$4,179.00",Shelf,
3449,19th-C. English Mahogany Shelf,https://www.onekingslane.com//p/4727691-19th-c-english-mahogany-shelf.do?sortby=bestSellersAscend&refType=&from=fn&catnav=119660,https://okl2.scene7.com/is/image/OKL/vmf_vendor_ILG_4727691_1510256472699_440876?$kibo_directory_thumbnail$&defaultImage=placeholder_product&defaultImage=placeholder_product,"$3,075.00",Shelf,
3450,19th Century French Dessert Buffet,https://www.onekingslane.com//p/4868572-19th-century-french-dessert-buffet.do?sortby=bestSellersAscend&refType=&from=fn&catnav=119660,https://okl3.scene7.com/is/image/OKL/vmf_vendor_ILG_4868572_1579803473555_293918?$kibo_directory_thumbnail$&defaultImage=placeholder_product&defaultImage=placeholder_product,"$2,755.00",Shelf,
3451,Late 19th Century French Walnut Bookcase,https://www.onekingslane.com//p/4770195-late-19th-century-french-walnut-bookcase.do?sortby=bestSellersAscend&refType=&from=fn&catnav=119660,https://okl.scene7.com/is/image/OKL/vmf_vendor_XWC_4770195_1526415016356_31596?$kibo_directory_thumbnail$&defaultImage=placeholder_product&defaultImage=placeholder_product,"$2,294.00",Shelf,
3452,Midcentury California Glenn Credenza,https://www.onekingslane.com//p/4871707-midcentury-california-glenn-credenza.do?sortby=bestSellersAscend&refType=&from=fn&catnav=119660,https://okl.scene7.com/is/image/OKL/vmf_vendor_XWC_4871707_1582141157765_463895?$kibo_directory_thumbnail$&defaultImage=placeholder_product&defaultImage=placeholder_product,"$3,199.00",Shelf,
